{
  "metadata": {
    "evaluation_date": "2025-11-30T13:46:49.778139",
    "total_questions": 100,
    "evaluation_metrics": [
      "Exact Match",
      "Partial Match (F1)",
      "BLEU",
      "ROUGE-1",
      "ROUGE-2",
      "ROUGE-L",
      "Semantic Similarity"
    ]
  },
  "rag_model_results": {
    "model_name": "RAG Model",
    "total_questions": 100,
    "exact_match_rate": 0.2,
    "avg_partial_match": 0.38535008274739296,
    "avg_bleu": 0.25717024737067884,
    "avg_rouge1": 0.4500411927424763,
    "avg_rouge2": 0.3389986867929802,
    "avg_rougeL": 0.4274262597546727,
    "avg_semantic_similarity": 0.6011172825004906,
    "avg_latency": 0.006522984504699707,
    "total_latency": 0.6522984504699707
  },
  "baseline_model_results": {
    "model_name": "Baseline Model",
    "total_questions": 100,
    "exact_match_rate": 0.0,
    "avg_partial_match": 0.09143232772276776,
    "avg_bleu": 0.009346120670869788,
    "avg_rouge1": 0.12628996604125534,
    "avg_rouge2": 0.04124050737589595,
    "avg_rougeL": 0.10727392372996741,
    "avg_semantic_similarity": 0.3677114097867161,
    "avg_latency": 1.9804474186897278,
    "total_latency": 198.04474186897278
  },
  "comparison": {
    "rag_model": {
      "model_name": "RAG Model",
      "total_questions": 100,
      "exact_match_rate": 0.2,
      "avg_partial_match": 0.38535008274739296,
      "avg_bleu": 0.25717024737067884,
      "avg_rouge1": 0.4500411927424763,
      "avg_rouge2": 0.3389986867929802,
      "avg_rougeL": 0.4274262597546727,
      "avg_semantic_similarity": 0.6011172825004906,
      "avg_latency": 0.006522984504699707,
      "total_latency": 0.6522984504699707
    },
    "baseline_model": {
      "model_name": "Baseline Model",
      "total_questions": 100,
      "exact_match_rate": 0.0,
      "avg_partial_match": 0.09143232772276776,
      "avg_bleu": 0.009346120670869788,
      "avg_rouge1": 0.12628996604125534,
      "avg_rouge2": 0.04124050737589595,
      "avg_rougeL": 0.10727392372996741,
      "avg_semantic_similarity": 0.3677114097867161,
      "avg_latency": 1.9804474186897278,
      "total_latency": 198.04474186897278
    },
    "improvements": {
      "exact_match_rate": {
        "rag": 0.2,
        "baseline": 0.0,
        "improvement_percent": 20.0,
        "absolute_improvement": 0.2
      },
      "avg_partial_match": {
        "rag": 0.38535008274739296,
        "baseline": 0.09143232772276776,
        "improvement_percent": 321.4593375723892,
        "absolute_improvement": 0.2939177550246252
      },
      "avg_bleu": {
        "rag": 0.25717024737067884,
        "baseline": 0.009346120670869788,
        "improvement_percent": 2651.6255827108375,
        "absolute_improvement": 0.24782412669980905
      },
      "avg_rouge1": {
        "rag": 0.4500411927424763,
        "baseline": 0.12628996604125534,
        "improvement_percent": 256.35546263070546,
        "absolute_improvement": 0.3237512267012209
      },
      "avg_rouge2": {
        "rag": 0.3389986867929802,
        "baseline": 0.04124050737589595,
        "improvement_percent": 722.0041613530595,
        "absolute_improvement": 0.2977581794170842
      },
      "avg_rougeL": {
        "rag": 0.4274262597546727,
        "baseline": 0.10727392372996741,
        "improvement_percent": 298.44376423724435,
        "absolute_improvement": 0.3201523360247053
      },
      "avg_semantic_similarity": {
        "rag": 0.6011172825004906,
        "baseline": 0.3677114097867161,
        "improvement_percent": 63.47528700541465,
        "absolute_improvement": 0.23340587271377444
      },
      "avg_latency": {
        "rag": 0.006522984504699707,
        "baseline": 1.9804474186897278,
        "difference": -1.9739244341850282,
        "difference_percent": -99.67063076539465
      }
    }
  },
  "summary": {
    "key_findings": [
      "RAG model shows 20.0% improvement in exact match rate",
      "RAG model achieves 63.5% better semantic similarity",
      "RAG model shows 298.4% improvement in ROUGE-L score"
    ],
    "best_performing_model": "RAG",
    "metric_improvements": {
      "exact_match_rate": {
        "improvement": "20.00%",
        "rag_score": "0.2000",
        "baseline_score": "0.0000"
      },
      "avg_partial_match": {
        "improvement": "321.46%",
        "rag_score": "0.3854",
        "baseline_score": "0.0914"
      },
      "avg_bleu": {
        "improvement": "2651.63%",
        "rag_score": "0.2572",
        "baseline_score": "0.0093"
      },
      "avg_rouge1": {
        "improvement": "256.36%",
        "rag_score": "0.4500",
        "baseline_score": "0.1263"
      },
      "avg_rouge2": {
        "improvement": "722.00%",
        "rag_score": "0.3390",
        "baseline_score": "0.0412"
      },
      "avg_rougeL": {
        "improvement": "298.44%",
        "rag_score": "0.4274",
        "baseline_score": "0.1073"
      },
      "avg_semantic_similarity": {
        "improvement": "63.48%",
        "rag_score": "0.6011",
        "baseline_score": "0.3677"
      }
    }
  }
}